date,vt_symbol,open_price,high_price,low_price,close_price,volume,turnover,float_market_cap,total_market_cap,is_st,is_suspended,listing_days,limit_up,limit_down
2024-01-02,000001.SZ,10,10.2,9.9,10,1000000,100000000,1000000000,1500000000,false,false,200,11,9
2024-01-02,000002.SZ,20,20.2,19.8,20,1000000,100000000,2000000000,2500000000,false,false,200,22,18
2024-01-02,000003.SZ,8,8.1,7.9,8,1000000,100000000,800000000,1200000000,false,false,200,8.8,7.2
2024-01-03,000001.SZ,10.5,10.8,10.1,10.6,1000000,106000000,1100000000,1600000000,false,false,201,11.66,9.54
2024-01-03,000002.SZ,19.5,19.8,19.0,19.2,1000000,192000000,2200000000,2600000000,false,false,201,21.12,17.28
2024-01-03,000003.SZ,8.3,8.5,8.1,8.4,1000000,84000000,850000000,1250000000,false,false,201,9.24,7.56
2024-02-01,000001.SZ,10.8,11.0,10.5,10.7,1000000,107000000,1200000000,1700000000,false,false,230,11.77,9.63
2024-02-01,000002.SZ,19.0,19.4,18.8,19.1,1000000,191000000,700000000,2400000000,false,false,230,21.01,17.19
2024-02-01,000003.SZ,8.6,8.8,8.3,8.5,1000000,85000000,900000000,1300000000,false,false,230,9.35,7.65
